month,anomaly,date
1,-0.38,1850-01
2,-0.14,1850-02
3,-0.24,1850-03
4,-0.2,1850-04
5,-0.2,1850-05
6,-0.11,1850-06
7,-0.1,1850-07
8,-0.12,1850-08
9,-0.2,1850-09
10,-0.12,1850-10
11,-0.16,1850-11
12,-0.07,1850-12
13,-0.13,1851-01
14,-0.08,1851-02
15,-0.25,1851-03
16,-0.17,1851-04
17,-0.09,1851-05
18,-0.16,1851-06
19,-0.05,1851-07
20,-0.02,1851-08
21,0,1851-09
22,-0.04,1851-10
23,-0.05,1851-11
24,-0.03,1851-12
25,-0.16,1852-01
26,-0.09,1852-02
27,-0.26,1852-03
28,-0.37,1852-04
29,0,1852-05
30,-0.08,1852-06
31,-0.05,1852-07
32,0.05,1852-08
33,-0.03,1852-09
34,-0.07,1852-10
35,-0.05,1852-11
36,-0.09,1852-12
37,-0.02,1853-01
38,-0.15,1853-02
39,-0.15,1853-03
40,-0.18,1853-04
41,-0.13,1853-05
42,-0.07,1853-06
43,-0.03,1853-07
44,-0.03,1853-08
45,-0.12,1853-09
46,-0.16,1853-10
47,-0.14,1853-11
48,-0.22,1853-12
49,-0.24,1854-01
50,-0.18,1854-02
51,-0.05,1854-03
52,-0.22,1854-04
53,-0.08,1854-05
54,-0.07,1854-06
55,-0.12,1854-07
56,-0.14,1854-08
57,-0.07,1854-09
58,-0.03,1854-10
59,-0.14,1854-11
60,0.01,1854-12
61,0,1855-01
62,-0.11,1855-02
63,-0.16,1855-03
64,-0.1,1855-04
65,-0.13,1855-05
66,-0.21,1855-06
67,-0.13,1855-07
68,-0.15,1855-08
69,-0.19,1855-09
70,-0.04,1855-10
71,0.03,1855-11
72,-0.2,1855-12
73,-0.09,1856-01
74,-0.07,1856-02
75,-0.28,1856-03
76,-0.17,1856-04
77,-0.12,1856-05
78,-0.14,1856-06
79,-0.34,1856-07
80,-0.31,1856-08
81,-0.18,1856-09
82,-0.45,1856-10
83,-0.47,1856-11
84,-0.37,1856-12
85,-0.3,1857-01
86,-0.34,1857-02
87,-0.32,1857-03
88,-0.37,1857-04
89,-0.35,1857-05
90,-0.3,1857-06
91,-0.24,1857-07
92,-0.18,1857-08
93,-0.21,1857-09
94,-0.26,1857-10
95,-0.29,1857-11
96,-0.16,1857-12
97,-0.17,1858-01
98,-0.31,1858-02
99,-0.2,1858-03
100,-0.2,1858-04
101,-0.22,1858-05
102,-0.2,1858-06
103,-0.2,1858-07
104,-0.23,1858-08
105,-0.21,1858-09
106,-0.22,1858-10
107,-0.19,1858-11
108,-0.2,1858-12
109,-0.11,1859-01
110,0.01,1859-02
111,-0.04,1859-03
112,-0.08,1859-04
113,-0.09,1859-05
114,-0.12,1859-06
115,-0.11,1859-07
116,-0.15,1859-08
117,-0.13,1859-09
118,-0.13,1859-10
119,-0.08,1859-11
120,-0.04,1859-12
121,-0.14,1860-01
122,-0.12,1860-02
123,-0.2,1860-03
124,-0.19,1860-04
125,-0.16,1860-05
126,-0.2,1860-06
127,-0.27,1860-07
128,-0.26,1860-08
129,-0.23,1860-09
130,-0.23,1860-10
131,-0.34,1860-11
132,-0.48,1860-12
133,-0.47,1861-01
134,-0.32,1861-02
135,-0.28,1861-03
136,-0.29,1861-04
137,-0.24,1861-05
138,-0.29,1861-06
139,-0.19,1861-07
140,-0.11,1861-08
141,-0.11,1861-09
142,-0.24,1861-10
143,-0.26,1861-11
144,-0.25,1861-12
145,-0.41,1862-01
146,-0.36,1862-02
147,-0.27,1862-03
148,-0.29,1862-04
149,-0.35,1862-05
150,-0.33,1862-06
151,-0.3,1862-07
152,-0.31,1862-08
153,-0.24,1862-09
154,-0.28,1862-10
155,-0.2,1862-11
156,-0.29,1862-12
157,-0.05,1863-01
158,-0.08,1863-02
159,-0.13,1863-03
160,-0.15,1863-04
161,-0.12,1863-05
162,-0.24,1863-06
163,-0.23,1863-07
164,-0.14,1863-08
165,-0.21,1863-09
166,-0.22,1863-10
167,-0.19,1863-11
168,-0.08,1863-12
169,-0.35,1864-01
170,-0.2,1864-02
171,-0.18,1864-03
172,-0.2,1864-04
173,-0.13,1864-05
174,-0.09,1864-06
175,-0.15,1864-07
176,-0.17,1864-08
177,-0.24,1864-09
178,-0.27,1864-10
179,-0.19,1864-11
180,-0.11,1864-12
181,-0.05,1865-01
182,-0.25,1865-02
183,-0.17,1865-03
184,-0.15,1865-04
185,-0.16,1865-05
186,-0.13,1865-06
187,-0.07,1865-07
188,-0.08,1865-08
189,-0.09,1865-09
190,-0.15,1865-10
191,-0.1,1865-11
192,-0.11,1865-12
193,0.09,1866-01
194,-0.05,1866-02
195,-0.06,1866-03
196,-0.16,1866-04
197,-0.18,1866-05
198,-0.1,1866-06
199,-0.06,1866-07
200,-0.17,1866-08
201,-0.19,1866-09
202,-0.18,1866-10
203,-0.05,1866-11
204,-0.09,1866-12
205,-0.21,1867-01
206,-0.08,1867-02
207,-0.2,1867-03
208,-0.18,1867-04
209,-0.26,1867-05
210,-0.18,1867-06
211,-0.22,1867-07
212,-0.12,1867-08
213,-0.03,1867-09
214,-0.12,1867-10
215,-0.15,1867-11
216,-0.33,1867-12
217,-0.42,1868-01
218,-0.23,1868-02
219,-0.09,1868-03
220,-0.1,1868-04
221,0,1868-05
222,-0.03,1868-06
223,-0.11,1868-07
224,-0.11,1868-08
225,-0.18,1868-09
226,-0.14,1868-10
227,-0.14,1868-11
228,-0.09,1868-12
229,-0.14,1869-01
230,0.02,1869-02
231,-0.15,1869-03
232,-0.1,1869-04
233,-0.11,1869-05
234,-0.09,1869-06
235,-0.14,1869-07
236,-0.18,1869-08
237,-0.16,1869-09
238,-0.24,1869-10
239,0,1869-11
240,-0.07,1869-12
241,-0.05,1870-01
242,-0.15,1870-02
243,-0.04,1870-03
244,-0.11,1870-04
245,-0.11,1870-05
246,-0.16,1870-06
247,-0.11,1870-07
248,-0.16,1870-08
249,-0.2,1870-09
250,-0.31,1870-10
251,-0.23,1870-11
252,-0.36,1870-12
253,-0.27,1871-01
254,-0.32,1871-02
255,0,1871-03
256,0,1871-04
257,-0.12,1871-05
258,-0.12,1871-06
259,-0.08,1871-07
260,-0.14,1871-08
261,-0.23,1871-09
262,-0.25,1871-10
263,-0.23,1871-11
264,-0.23,1871-12
265,-0.18,1872-01
266,-0.18,1872-02
267,-0.2,1872-03
268,-0.2,1872-04
269,-0.17,1872-05
270,-0.16,1872-06
271,-0.12,1872-07
272,-0.09,1872-08
273,-0.18,1872-09
274,-0.13,1872-10
275,-0.16,1872-11
276,-0.28,1872-12
277,-0.11,1873-01
278,-0.18,1873-02
279,-0.26,1873-03
280,-0.43,1873-04
281,-0.29,1873-05
282,-0.13,1873-06
283,-0.12,1873-07
284,-0.09,1873-08
285,-0.19,1873-09
286,-0.16,1873-10
287,-0.18,1873-11
288,-0.12,1873-12
289,-0.05,1874-01
290,-0.17,1874-02
291,-0.29,1874-03
292,-0.28,1874-04
293,-0.3,1874-05
294,-0.26,1874-06
295,-0.15,1874-07
296,-0.13,1874-08
297,-0.15,1874-09
298,-0.2,1874-10
299,-0.25,1874-11
300,-0.25,1874-12
301,-0.4,1875-01
302,-0.21,1875-02
303,-0.21,1875-03
304,-0.22,1875-04
305,-0.1,1875-05
306,-0.08,1875-06
307,-0.1,1875-07
308,-0.09,1875-08
309,-0.17,1875-09
310,-0.15,1875-10
311,-0.34,1875-11
312,-0.31,1875-12
313,-0.26,1876-01
314,-0.23,1876-02
315,-0.16,1876-03
316,-0.28,1876-04
317,-0.35,1876-05
318,-0.19,1876-06
319,-0.16,1876-07
320,-0.15,1876-08
321,-0.19,1876-09
322,-0.16,1876-10
323,-0.26,1876-11
324,-0.22,1876-12
325,-0.14,1877-01
326,-0.01,1877-02
327,0.04,1877-03
328,-0.09,1877-04
329,-0.04,1877-05
330,0.06,1877-06
331,0.12,1877-07
332,0.11,1877-08
333,0.14,1877-09
334,0.12,1877-10
335,0.19,1877-11
336,0.1,1877-12
337,0.1,1878-01
338,0.24,1878-02
339,0.26,1878-03
340,0.07,1878-04
341,0.04,1878-05
342,0.1,1878-06
343,0.05,1878-07
344,0.03,1878-08
345,0.01,1878-09
346,-0.05,1878-10
347,-0.09,1878-11
348,-0.08,1878-12
349,-0.07,1879-01
350,-0.03,1879-02
351,-0.03,1879-03
352,-0.07,1879-04
353,-0.06,1879-05
354,-0.12,1879-06
355,-0.08,1879-07
356,-0.17,1879-08
357,-0.14,1879-09
358,-0.08,1879-10
359,-0.22,1879-11
360,-0.31,1879-12
361,-0.17,1880-01
362,-0.18,1880-02
363,-0.11,1880-03
364,-0.15,1880-04
365,-0.07,1880-05
366,-0.2,1880-06
367,-0.22,1880-07
368,-0.13,1880-08
369,-0.17,1880-09
370,-0.31,1880-10
371,-0.18,1880-11
372,-0.16,1880-12
373,-0.15,1881-01
374,-0.17,1881-02
375,-0.08,1881-03
376,-0.02,1881-04
377,-0.01,1881-05
378,-0.2,1881-06
379,-0.09,1881-07
380,-0.06,1881-08
381,-0.18,1881-09
382,-0.25,1881-10
383,-0.26,1881-11
384,-0.09,1881-12
385,0.15,1882-01
386,0.05,1882-02
387,-0.03,1882-03
388,-0.19,1882-04
389,-0.2,1882-05
390,-0.22,1882-06
391,-0.17,1882-07
392,-0.07,1882-08
393,-0.11,1882-09
394,-0.28,1882-10
395,-0.22,1882-11
396,-0.25,1882-12
397,-0.33,1883-01
398,-0.35,1883-02
399,-0.18,1883-03
400,-0.18,1883-04
401,-0.17,1883-05
402,-0.16,1883-06
403,-0.12,1883-07
404,-0.16,1883-08
405,-0.28,1883-09
406,-0.24,1883-10
407,-0.28,1883-11
408,-0.23,1883-12
409,-0.17,1884-01
410,-0.21,1884-02
411,-0.3,1884-03
412,-0.36,1884-04
413,-0.32,1884-05
414,-0.33,1884-06
415,-0.37,1884-07
416,-0.32,1884-08
417,-0.31,1884-09
418,-0.3,1884-10
419,-0.41,1884-11
420,-0.34,1884-12
421,-0.58,1885-01
422,-0.37,1885-02
423,-0.26,1885-03
424,-0.37,1885-04
425,-0.4,1885-05
426,-0.36,1885-06
427,-0.37,1885-07
428,-0.31,1885-08
429,-0.27,1885-09
430,-0.27,1885-10
431,-0.24,1885-11
432,-0.08,1885-12
433,-0.3,1886-01
434,-0.31,1886-02
435,-0.27,1886-03
436,-0.21,1886-04
437,-0.21,1886-05
438,-0.27,1886-06
439,-0.21,1886-07
440,-0.29,1886-08
441,-0.27,1886-09
442,-0.21,1886-10
443,-0.25,1886-11
444,-0.26,1886-12
445,-0.54,1887-01
446,-0.41,1887-02
447,-0.27,1887-03
448,-0.28,1887-04
449,-0.26,1887-05
450,-0.27,1887-06
451,-0.28,1887-07
452,-0.34,1887-08
453,-0.18,1887-09
454,-0.34,1887-10
455,-0.26,1887-11
456,-0.27,1887-12
457,-0.29,1888-01
458,-0.33,1888-02
459,-0.33,1888-03
460,-0.2,1888-04
461,-0.16,1888-05
462,-0.11,1888-06
463,-0.12,1888-07
464,-0.19,1888-08
465,-0.15,1888-09
466,-0.05,1888-10
467,-0.07,1888-11
468,-0.06,1888-12
469,-0.04,1889-01
470,0.1,1889-02
471,0.05,1889-03
472,0.04,1889-04
473,0.02,1889-05
474,-0.03,1889-06
475,-0.07,1889-07
476,-0.12,1889-08
477,-0.18,1889-09
478,-0.24,1889-10
479,-0.29,1889-11
480,-0.2,1889-12
481,-0.36,1890-01
482,-0.27,1890-02
483,-0.23,1890-03
484,-0.21,1890-04
485,-0.26,1890-05
486,-0.2,1890-06
487,-0.24,1890-07
488,-0.33,1890-08
489,-0.27,1890-09
490,-0.3,1890-10
491,-0.44,1890-11
492,-0.23,1890-12
493,-0.28,1891-01
494,-0.34,1891-02
495,-0.21,1891-03
496,-0.21,1891-04
497,-0.11,1891-05
498,-0.13,1891-06
499,-0.12,1891-07
500,-0.15,1891-08
501,-0.11,1891-09
502,-0.23,1891-10
503,-0.31,1891-11
504,-0.06,1891-12
505,-0.21,1892-01
506,-0.14,1892-02
507,-0.27,1892-03
508,-0.22,1892-04
509,-0.17,1892-05
510,-0.2,1892-06
511,-0.3,1892-07
512,-0.28,1892-08
513,-0.17,1892-09
514,-0.23,1892-10
515,-0.37,1892-11
516,-0.48,1892-12
517,-0.67,1893-01
518,-0.57,1893-02
519,-0.28,1893-03
520,-0.24,1893-04
521,-0.31,1893-05
522,-0.2,1893-06
523,-0.2,1893-07
524,-0.28,1893-08
525,-0.28,1893-09
526,-0.25,1893-10
527,-0.24,1893-11
528,-0.28,1893-12
529,-0.35,1894-01
530,-0.15,1894-02
531,-0.16,1894-03
532,-0.31,1894-04
533,-0.2,1894-05
534,-0.28,1894-06
535,-0.19,1894-07
536,-0.21,1894-08
537,-0.23,1894-09
538,-0.27,1894-10
539,-0.25,1894-11
540,-0.18,1894-12
541,-0.34,1895-01
542,-0.36,1895-02
543,-0.31,1895-03
544,-0.19,1895-04
545,-0.18,1895-05
546,-0.18,1895-06
547,-0.14,1895-07
548,-0.14,1895-08
549,-0.09,1895-09
550,-0.12,1895-10
551,-0.15,1895-11
552,-0.08,1895-12
553,-0.17,1896-01
554,-0.05,1896-02
555,-0.16,1896-03
556,-0.13,1896-04
557,-0.07,1896-05
558,-0.07,1896-06
559,-0.01,1896-07
560,-0.04,1896-08
561,-0.02,1896-09
562,0.04,1896-10
563,-0.07,1896-11
564,0.01,1896-12
565,-0.06,1897-01
566,-0.11,1897-02
567,-0.14,1897-03
568,0.08,1897-04
569,0.1,1897-05
570,-0.1,1897-06
571,-0.05,1897-07
572,-0.06,1897-08
573,-0.04,1897-09
574,-0.1,1897-10
575,-0.19,1897-11
576,-0.2,1897-12
577,0,1898-01
578,-0.22,1898-02
579,-0.47,1898-03
580,-0.26,1898-04
581,-0.2,1898-05
582,-0.15,1898-06
583,-0.17,1898-07
584,-0.21,1898-08
585,-0.22,1898-09
586,-0.36,1898-10
587,-0.33,1898-11
588,-0.15,1898-12
589,-0.23,1899-01
590,-0.3,1899-02
591,-0.3,1899-03
592,-0.21,1899-04
593,-0.18,1899-05
594,-0.22,1899-06
595,-0.1,1899-07
596,-0.03,1899-08
597,-0.02,1899-09
598,-0.07,1899-10
599,0,1899-11
600,-0.26,1899-12
601,-0.3,1900-01
602,-0.17,1900-02
603,-0.03,1900-03
604,-0.04,1900-04
605,-0.06,1900-05
606,-0.08,1900-06
607,-0.11,1900-07
608,-0.07,1900-08
609,-0.05,1900-09
610,0.05,1900-10
611,-0.08,1900-11
612,-0.06,1900-12
613,-0.13,1901-01
614,-0.08,1901-02
615,0.03,1901-03
616,0,1901-04
617,-0.09,1901-05
618,-0.08,1901-06
619,-0.08,1901-07
620,-0.14,1901-08
621,-0.18,1901-09
622,-0.28,1901-10
623,-0.21,1901-11
624,-0.37,1901-12
625,-0.16,1902-01
626,-0.04,1902-02
627,-0.26,1902-03
628,-0.27,1902-04
629,-0.26,1902-05
630,-0.25,1902-06
631,-0.23,1902-07
632,-0.23,1902-08
633,-0.22,1902-09
634,-0.27,1902-10
635,-0.31,1902-11
636,-0.27,1902-12
637,-0.15,1903-01
638,-0.03,1903-02
639,-0.17,1903-03
640,-0.3,1903-04
641,-0.33,1903-05
642,-0.3,1903-06
643,-0.32,1903-07
644,-0.4,1903-08
645,-0.42,1903-09
646,-0.48,1903-10
647,-0.46,1903-11
648,-0.46,1903-12
649,-0.49,1904-01
650,-0.53,1904-02
651,-0.54,1904-03
652,-0.47,1904-04
653,-0.45,1904-05
654,-0.4,1904-06
655,-0.44,1904-07
656,-0.42,1904-08
657,-0.49,1904-09
658,-0.36,1904-10
659,-0.26,1904-11
660,-0.35,1904-12
661,-0.26,1905-01
662,-0.45,1905-02
663,-0.36,1905-03
664,-0.42,1905-04
665,-0.24,1905-05
666,-0.2,1905-06
667,-0.18,1905-07
668,-0.22,1905-08
669,-0.21,1905-09
670,-0.22,1905-10
671,-0.09,1905-11
672,-0.09,1905-12
673,-0.21,1906-01
674,-0.21,1906-02
675,-0.19,1906-03
676,-0.09,1906-04
677,-0.21,1906-05
678,-0.16,1906-06
679,-0.21,1906-07
680,-0.21,1906-08
681,-0.26,1906-09
682,-0.21,1906-10
683,-0.35,1906-11
684,-0.19,1906-12
685,-0.36,1907-01
686,-0.4,1907-02
687,-0.25,1907-03
688,-0.3,1907-04
689,-0.39,1907-05
690,-0.32,1907-06
691,-0.35,1907-07
692,-0.31,1907-08
693,-0.32,1907-09
694,-0.26,1907-10
695,-0.38,1907-11
696,-0.42,1907-12
697,-0.37,1908-01
698,-0.31,1908-02
699,-0.51,1908-03
700,-0.41,1908-04
701,-0.34,1908-05
702,-0.31,1908-06
703,-0.35,1908-07
704,-0.42,1908-08
705,-0.36,1908-09
706,-0.44,1908-10
707,-0.54,1908-11
708,-0.45,1908-12
709,-0.5,1909-01
710,-0.38,1909-02
711,-0.52,1909-03
712,-0.59,1909-04
713,-0.48,1909-05
714,-0.46,1909-06
715,-0.4,1909-07
716,-0.33,1909-08
717,-0.36,1909-09
718,-0.39,1909-10
719,-0.38,1909-11
720,-0.43,1909-12
721,-0.3,1910-01
722,-0.35,1910-02
723,-0.52,1910-03
724,-0.37,1910-04
725,-0.31,1910-05
726,-0.32,1910-06
727,-0.3,1910-07
728,-0.37,1910-08
729,-0.38,1910-09
730,-0.44,1910-10
731,-0.51,1910-11
732,-0.61,1910-12
733,-0.54,1911-01
734,-0.55,1911-02
735,-0.58,1911-03
736,-0.51,1911-04
737,-0.46,1911-05
738,-0.45,1911-06
739,-0.41,1911-07
740,-0.44,1911-08
741,-0.39,1911-09
742,-0.32,1911-10
743,-0.16,1911-11
744,-0.13,1911-12
745,-0.24,1912-01
746,-0.18,1912-02
747,-0.32,1912-03
748,-0.19,1912-04
749,-0.18,1912-05
750,-0.18,1912-06
751,-0.38,1912-07
752,-0.43,1912-08
753,-0.52,1912-09
754,-0.54,1912-10
755,-0.38,1912-11
756,-0.45,1912-12
757,-0.34,1913-01
758,-0.41,1913-02
759,-0.39,1913-03
760,-0.34,1913-04
761,-0.4,1913-05
762,-0.4,1913-06
763,-0.33,1913-07
764,-0.31,1913-08
765,-0.34,1913-09
766,-0.33,1913-10
767,-0.25,1913-11
768,-0.07,1913-12
769,0.05,1914-01
770,-0.06,1914-02
771,-0.18,1914-03
772,-0.29,1914-04
773,-0.19,1914-05
774,-0.22,1914-06
775,-0.24,1914-07
776,-0.18,1914-08
777,-0.18,1914-09
778,-0.11,1914-10
779,-0.12,1914-11
780,0,1914-12
781,-0.17,1915-01
782,-0.01,1915-02
783,-0.05,1915-03
784,0.08,1915-04
785,0,1915-05
786,-0.11,1915-06
787,-0.06,1915-07
788,-0.11,1915-08
789,-0.19,1915-09
790,-0.21,1915-10
791,-0.13,1915-11
792,-0.24,1915-12
793,-0.21,1916-01
794,-0.16,1916-02
795,-0.26,1916-03
796,-0.24,1916-04
797,-0.26,1916-05
798,-0.36,1916-06
799,-0.31,1916-07
800,-0.27,1916-08
801,-0.28,1916-09
802,-0.3,1916-10
803,-0.41,1916-11
804,-0.7,1916-12
805,-0.61,1917-01
806,-0.64,1917-02
807,-0.64,1917-03
808,-0.52,1917-04
809,-0.53,1917-05
810,-0.41,1917-06
811,-0.26,1917-07
812,-0.22,1917-08
813,-0.21,1917-09
814,-0.38,1917-10
815,-0.33,1917-11
816,-0.48,1917-12
817,-0.45,1918-01
818,-0.39,1918-02
819,-0.28,1918-03
820,-0.41,1918-04
821,-0.4,1918-05
822,-0.34,1918-06
823,-0.28,1918-07
824,-0.29,1918-08
825,-0.16,1918-09
826,-0.11,1918-10
827,-0.08,1918-11
828,-0.26,1918-12
829,-0.15,1919-01
830,-0.19,1919-02
831,-0.19,1919-03
832,-0.08,1919-04
833,-0.22,1919-05
834,-0.3,1919-06
835,-0.27,1919-07
836,-0.32,1919-08
837,-0.24,1919-09
838,-0.2,1919-10
839,-0.35,1919-11
840,-0.39,1919-12
841,-0.26,1920-01
842,-0.3,1920-02
843,-0.11,1920-03
844,-0.23,1920-04
845,-0.25,1920-05
846,-0.28,1920-06
847,-0.27,1920-07
848,-0.24,1920-08
849,-0.18,1920-09
850,-0.26,1920-10
851,-0.24,1920-11
852,-0.42,1920-12
853,-0.1,1921-01
854,-0.19,1921-02
855,-0.23,1921-03
856,-0.26,1921-04
857,-0.21,1921-05
858,-0.23,1921-06
859,-0.13,1921-07
860,-0.19,1921-08
861,-0.18,1921-09
862,-0.08,1921-10
863,-0.15,1921-11
864,-0.15,1921-12
865,-0.3,1922-01
866,-0.4,1922-02
867,-0.11,1922-03
868,-0.2,1922-04
869,-0.27,1922-05
870,-0.24,1922-06
871,-0.26,1922-07
872,-0.27,1922-08
873,-0.3,1922-09
874,-0.29,1922-10
875,-0.16,1922-11
876,-0.21,1922-12
877,-0.26,1923-01
878,-0.39,1923-02
879,-0.33,1923-03
880,-0.35,1923-04
881,-0.27,1923-05
882,-0.21,1923-06
883,-0.29,1923-07
884,-0.32,1923-08
885,-0.26,1923-09
886,-0.19,1923-10
887,-0.05,1923-11
888,0,1923-12
889,-0.18,1924-01
890,-0.18,1924-02
891,-0.07,1924-03
892,-0.22,1924-04
893,-0.11,1924-05
894,-0.23,1924-06
895,-0.22,1924-07
896,-0.3,1924-08
897,-0.29,1924-09
898,-0.32,1924-10
899,-0.22,1924-11
900,-0.37,1924-12
901,-0.37,1925-01
902,-0.4,1925-02
903,-0.27,1925-03
904,-0.25,1925-04
905,-0.24,1925-05
906,-0.28,1925-06
907,-0.24,1925-07
908,-0.17,1925-08
909,-0.13,1925-09
910,-0.17,1925-10
911,0.02,1925-11
912,0.08,1925-12
913,0.12,1926-01
914,0,1926-02
915,0.09,1926-03
916,-0.11,1926-04
917,-0.17,1926-05
918,-0.16,1926-06
919,-0.22,1926-07
920,-0.12,1926-08
921,-0.13,1926-09
922,-0.08,1926-10
923,-0.06,1926-11
924,-0.21,1926-12
925,-0.27,1927-01
926,-0.2,1927-02
927,-0.33,1927-03
928,-0.26,1927-04
929,-0.21,1927-05
930,-0.2,1927-06
931,-0.16,1927-07
932,-0.14,1927-08
933,-0.09,1927-09
934,-0.02,1927-10
935,-0.06,1927-11
936,-0.25,1927-12
937,-0.05,1928-01
938,-0.11,1928-02
939,-0.23,1928-03
940,-0.24,1928-04
941,-0.18,1928-05
942,-0.29,1928-06
943,-0.16,1928-07
944,-0.19,1928-08
945,-0.16,1928-09
946,-0.18,1928-10
947,-0.11,1928-11
948,-0.14,1928-12
949,-0.42,1929-01
950,-0.49,1929-02
951,-0.32,1929-03
952,-0.36,1929-04
953,-0.32,1929-05
954,-0.34,1929-06
955,-0.29,1929-07
956,-0.24,1929-08
957,-0.23,1929-09
958,-0.14,1929-10
959,-0.12,1929-11
960,-0.45,1929-12
961,-0.29,1930-01
962,-0.26,1930-02
963,-0.08,1930-03
964,-0.19,1930-04
965,-0.16,1930-05
966,-0.12,1930-06
967,-0.12,1930-07
968,-0.11,1930-08
969,-0.1,1930-09
970,-0.05,1930-10
971,0.14,1930-11
972,-0.02,1930-12
973,-0.07,1931-01
974,-0.17,1931-02
975,-0.07,1931-03
976,-0.15,1931-04
977,-0.13,1931-05
978,-0.01,1931-06
979,0,1931-07
980,-0.01,1931-08
981,0,1931-09
982,0.02,1931-10
983,-0.09,1931-11
984,-0.06,1931-12
985,0.1,1932-01
986,-0.13,1932-02
987,-0.14,1932-03
988,-0.04,1932-04
989,-0.14,1932-05
990,-0.17,1932-06
991,-0.15,1932-07
992,-0.15,1932-08
993,-0.1,1932-09
994,-0.1,1932-10
995,-0.23,1932-11
996,-0.23,1932-12
997,-0.26,1933-01
998,-0.31,1933-02
999,-0.26,1933-03
1000,-0.2,1933-04
1001,-0.25,1933-05
1002,-0.29,1933-06
1003,-0.21,1933-07
1004,-0.19,1933-08
1005,-0.26,1933-09
1006,-0.2,1933-10
1007,-0.27,1933-11
1008,-0.34,1933-12
1009,-0.26,1934-01
1010,-0.04,1934-02
1011,-0.3,1934-03
1012,-0.28,1934-04
1013,-0.07,1934-05
1014,-0.08,1934-06
1015,-0.09,1934-07
1016,-0.09,1934-08
1017,-0.11,1934-09
1018,-0.02,1934-10
1019,0.08,1934-11
1020,-0.01,1934-12
1021,-0.3,1935-01
1022,0.11,1935-02
1023,-0.13,1935-03
1024,-0.31,1935-04
1025,-0.24,1935-05
1026,-0.2,1935-06
1027,-0.15,1935-07
1028,-0.14,1935-08
1029,-0.13,1935-09
1030,-0.04,1935-10
1031,-0.23,1935-11
1032,-0.11,1935-12
1033,-0.3,1936-01
1034,-0.36,1936-02
1035,-0.2,1936-03
1036,-0.13,1936-04
1037,-0.08,1936-05
1038,-0.11,1936-06
1039,-0.06,1936-07
1040,-0.08,1936-08
1041,-0.08,1936-09
1042,-0.05,1936-10
1043,0.01,1936-11
1044,0,1936-12
1045,-0.09,1937-01
1046,0.01,1937-02
1047,-0.19,1937-03
1048,-0.12,1937-04
1049,-0.02,1937-05
1050,0.03,1937-06
1051,0.01,1937-07
1052,0.06,1937-08
1053,0.15,1937-09
1054,0.11,1937-10
1055,0.13,1937-11
1056,0.03,1937-12
1057,0.07,1938-01
1058,0.02,1938-02
1059,0.05,1938-03
1060,0.07,1938-04
1061,-0.03,1938-05
1062,-0.09,1938-06
1063,-0.06,1938-07
1064,-0.03,1938-08
1065,0.06,1938-09
1066,0.12,1938-10
1067,0.07,1938-11
1068,-0.07,1938-12
1069,-0.09,1939-01
1070,-0.1,1939-02
1071,-0.16,1939-03
1072,-0.04,1939-04
1073,-0.02,1939-05
1074,-0.02,1939-06
1075,-0.02,1939-07
1076,0.01,1939-08
1077,-0.02,1939-09
1078,-0.02,1939-10
1079,0.06,1939-11
1080,0.46,1939-12
1081,0.08,1940-01
1082,0.07,1940-02
1083,0.13,1940-03
1084,0.21,1940-04
1085,0.16,1940-05
1086,0.12,1940-06
1087,0.14,1940-07
1088,0.11,1940-08
1089,0.17,1940-09
1090,0.15,1940-10
1091,0.17,1940-11
1092,0.33,1940-12
1093,0.21,1941-01
1094,0.32,1941-02
1095,0.11,1941-03
1096,0.23,1941-04
1097,0.21,1941-05
1098,0.16,1941-06
1099,0.22,1941-07
1100,0.2,1941-08
1101,0.08,1941-09
1102,0.36,1941-10
1103,0.26,1941-11
1104,0.25,1941-12
1105,0.3,1942-01
1106,0.05,1942-02
1107,0.08,1942-03
1108,0.13,1942-04
1109,0.15,1942-05
1110,0.1,1942-06
1111,0,1942-07
1112,-0.01,1942-08
1113,0,1942-09
1114,0.03,1942-10
1115,0.08,1942-11
1116,0.11,1942-12
1117,-0.03,1943-01
1118,0.11,1943-02
1119,-0.02,1943-03
1120,0.13,1943-04
1121,0.12,1943-05
1122,-0.02,1943-06
1123,0.06,1943-07
1124,0.02,1943-08
1125,0.08,1943-09
1126,0.25,1943-10
1127,0.23,1943-11
1128,0.23,1943-12
1129,0.3,1944-01
1130,0.25,1944-02
1131,0.3,1944-03
1132,0.2,1944-04
1133,0.23,1944-05
1134,0.23,1944-06
1135,0.2,1944-07
1136,0.18,1944-08
1137,0.32,1944-09
1138,0.29,1944-10
1139,0.13,1944-11
1140,0.16,1944-12
1141,0.17,1945-01
1142,0.05,1945-02
1143,0.09,1945-03
1144,0.25,1945-04
1145,0.11,1945-05
1146,0.1,1945-06
1147,0.11,1945-07
1148,0.28,1945-08
1149,0.22,1945-09
1150,0.17,1945-10
1151,0.1,1945-11
1152,-0.04,1945-12
1153,0.17,1946-01
1154,0,1946-02
1155,0.01,1946-03
1156,0.06,1946-04
1157,-0.02,1946-05
1158,-0.17,1946-06
1159,-0.11,1946-07
1160,-0.12,1946-08
1161,-0.06,1946-09
1162,-0.03,1946-10
1163,-0.02,1946-11
1164,-0.21,1946-12
1165,-0.03,1947-01
1166,-0.04,1947-02
1167,0.05,1947-03
1168,0.05,1947-04
1169,0.02,1947-05
1170,0.04,1947-06
1171,-0.02,1947-07
1172,-0.09,1947-08
1173,-0.12,1947-09
1174,0.05,1947-10
1175,0,1947-11
1176,-0.05,1947-12
1177,0.02,1948-01
1178,-0.08,1948-02
1179,-0.21,1948-03
1180,-0.04,1948-04
1181,0.05,1948-05
1182,-0.02,1948-06
1183,-0.04,1948-07
1184,-0.05,1948-08
1185,-0.1,1948-09
1186,-0.05,1948-10
1187,-0.07,1948-11
1188,-0.19,1948-12
1189,0.06,1949-01
1190,-0.15,1949-02
1191,0.04,1949-03
1192,-0.06,1949-04
1193,-0.04,1949-05
1194,-0.16,1949-06
1195,-0.09,1949-07
1196,-0.05,1949-08
1197,-0.1,1949-09
1198,-0.04,1949-10
1199,-0.03,1949-11
1200,-0.1,1949-12
1201,-0.2,1950-01
1202,-0.26,1950-02
1203,-0.08,1950-03
1204,-0.16,1950-04
1205,-0.02,1950-05
1206,-0.02,1950-06
1207,-0.09,1950-07
1208,-0.09,1950-08
1209,-0.07,1950-09
1210,-0.15,1950-10
1211,-0.26,1950-11
1212,-0.12,1950-12
1213,-0.31,1951-01
1214,-0.37,1951-02
1215,-0.16,1951-03
1216,-0.1,1951-04
1217,0.04,1951-05
1218,0.03,1951-06
1219,0.1,1951-07
1220,0.11,1951-08
1221,0.17,1951-09
1222,0.13,1951-10
1223,0.03,1951-11
1224,0.21,1951-12
1225,0.14,1952-01
1226,0.11,1952-02
1227,-0.03,1952-03
1228,0.07,1952-04
1229,0.08,1952-05
1230,0.05,1952-06
1231,0.07,1952-07
1232,0.06,1952-08
1233,0.09,1952-09
1234,0.02,1952-10
1235,-0.08,1952-11
1236,0.05,1952-12
1237,0.07,1953-01
1238,0.15,1953-02
1239,0.15,1953-03
1240,0.26,1953-04
1241,0.2,1953-05
1242,0.21,1953-06
1243,0.09,1953-07
1244,0.1,1953-08
1245,0.07,1953-09
1246,0.13,1953-10
1247,0.04,1953-11
1248,0.07,1953-12
1249,-0.2,1954-01
1250,-0.06,1954-02
1251,-0.14,1954-03
1252,-0.08,1954-04
1253,-0.12,1954-05
1254,-0.06,1954-06
1255,-0.09,1954-07
1256,-0.05,1954-08
1257,-0.01,1954-09
1258,-0.01,1954-10
1259,0.09,1954-11
1260,-0.12,1954-12
1261,0.13,1955-01
1262,-0.17,1955-02
1263,-0.29,1955-03
1264,-0.2,1955-04
1265,-0.15,1955-05
1266,-0.08,1955-06
1267,-0.11,1955-07
1268,-0.02,1955-08
1269,-0.04,1955-09
1270,-0.09,1955-10
1271,-0.26,1955-11
1272,-0.27,1955-12
1273,-0.11,1956-01
1274,-0.17,1956-02
1275,-0.16,1956-03
1276,-0.25,1956-04
1277,-0.26,1956-05
1278,-0.16,1956-06
1279,-0.12,1956-07
1280,-0.19,1956-08
1281,-0.23,1956-09
1282,-0.22,1956-10
1283,-0.15,1956-11
1284,-0.02,1956-12
1285,-0.06,1957-01
1286,-0.09,1957-02
1287,-0.09,1957-03
1288,-0.05,1957-04
1289,0.06,1957-05
1290,0.15,1957-06
1291,0.01,1957-07
1292,0.26,1957-08
1293,0.17,1957-09
1294,0.09,1957-10
1295,0.08,1957-11
1296,0.17,1957-12
1297,0.35,1958-01
1298,0.26,1958-02
1299,0.12,1958-03
1300,0.06,1958-04
1301,0.1,1958-05
1302,-0.03,1958-06
1303,0.02,1958-07
1304,0.01,1958-08
1305,-0.03,1958-09
1306,0.04,1958-10
1307,0.03,1958-11
1308,0.08,1958-12
1309,0.07,1959-01
1310,0.1,1959-02
1311,0.19,1959-03
1312,0.17,1959-04
1313,0.04,1959-05
1314,0.11,1959-06
1315,0.08,1959-07
1316,0.04,1959-08
1317,0.1,1959-09
1318,-0.06,1959-10
1319,-0.02,1959-11
1320,0.02,1959-12
1321,0.05,1960-01
1322,0.11,1960-02
1323,-0.25,1960-03
1324,-0.08,1960-04
1325,-0.04,1960-05
1326,0.08,1960-06
1327,0.08,1960-07
1328,0.01,1960-08
1329,0.13,1960-09
1330,0.08,1960-10
1331,-0.11,1960-11
1332,0.26,1960-12
1333,0.14,1961-01
1334,0.18,1961-02
1335,0.1,1961-03
1336,0.21,1961-04
1337,0.04,1961-05
1338,0.1,1961-06
1339,0.05,1961-07
1340,0.05,1961-08
1341,0.08,1961-09
1342,-0.11,1961-10
1343,0.04,1961-11
1344,-0.09,1961-12
1345,0.08,1962-01
1346,0.11,1962-02
1347,0.16,1962-03
1348,0,1962-04
1349,0.02,1962-05
1350,-0.06,1962-06
1351,0.1,1962-07
1352,0.07,1962-08
1353,-0.04,1962-09
1354,0.03,1962-10
1355,0.11,1962-11
1356,0.06,1962-12
1357,0.02,1963-01
1358,0.22,1963-02
1359,-0.13,1963-03
1360,0.01,1963-04
1361,-0.02,1963-05
1362,0.1,1963-06
1363,0.04,1963-07
1364,0.18,1963-08
1365,0.13,1963-09
1366,0.21,1963-10
1367,0.19,1963-11
1368,0.05,1963-12
1369,-0.08,1964-01
1370,-0.1,1964-02
1371,-0.15,1964-03
1372,-0.23,1964-04
1373,-0.15,1964-05
1374,-0.04,1964-06
1375,0,1964-07
1376,-0.18,1964-08
1377,-0.14,1964-09
1378,-0.26,1964-10
1379,-0.2,1964-11
1380,-0.23,1964-12
1381,-0.08,1965-01
1382,-0.15,1965-02
1383,-0.11,1965-03
1384,-0.11,1965-04
1385,-0.19,1965-05
1386,-0.07,1965-06
1387,0,1965-07
1388,0.02,1965-08
1389,-0.06,1965-09
1390,0.01,1965-10
1391,0.03,1965-11
1392,-0.02,1965-12
1393,-0.14,1966-01
1394,-0.04,1966-02
1395,-0.02,1966-03
1396,-0.07,1966-04
1397,-0.1,1966-05
1398,0.11,1966-06
1399,0.09,1966-07
1400,-0.02,1966-08
1401,0.06,1966-09
1402,-0.14,1966-10
1403,0.01,1966-11
1404,0.01,1966-12
1405,-0.1,1967-01
1406,-0.15,1967-02
1407,0.05,1967-03
1408,0,1967-04
1409,0.22,1967-05
1410,0.03,1967-06
1411,-0.02,1967-07
1412,0.09,1967-08
1413,-0.04,1967-09
1414,0.12,1967-10
1415,-0.03,1967-11
1416,0.04,1967-12
1417,-0.18,1968-01
1418,-0.09,1968-02
1419,0.18,1968-03
1420,-0.04,1968-04
1421,-0.16,1968-05
1422,-0.13,1968-06
1423,-0.05,1968-07
1424,-0.02,1968-08
1425,-0.11,1968-09
1426,0.04,1968-10
1427,-0.05,1968-11
1428,-0.07,1968-12
1429,-0.08,1969-01
1430,-0.11,1969-02
1431,0.09,1969-03
1432,0.11,1969-04
1433,0.18,1969-05
1434,0.01,1969-06
1435,0.11,1969-07
1436,0.1,1969-08
1437,0.15,1969-09
1438,0.1,1969-10
1439,0.16,1969-11
1440,0.33,1969-12
1441,0.15,1970-01
1442,0.21,1970-02
1443,0.07,1970-03
1444,0.09,1970-04
1445,0.05,1970-05
1446,0.05,1970-06
1447,0.03,1970-07
1448,0.03,1970-08
1449,0.06,1970-09
1450,-0.03,1970-10
1451,0.04,1970-11
1452,-0.1,1970-12
1453,-0.01,1971-01
1454,-0.15,1971-02
1455,-0.08,1971-03
1456,-0.09,1971-04
1457,-0.03,1971-05
1458,-0.06,1971-06
1459,0,1971-07
1460,-0.02,1971-08
1461,0.01,1971-09
1462,-0.07,1971-10
1463,-0.05,1971-11
1464,-0.05,1971-12
1465,-0.24,1972-01
1466,-0.16,1972-02
1467,0.06,1972-03
1468,0.05,1972-04
1469,0.01,1972-05
1470,0.08,1972-06
1471,0.07,1972-07
1472,0.09,1972-08
1473,0.04,1972-09
1474,0.12,1972-10
1475,0.06,1972-11
1476,0.14,1972-12
1477,0.35,1973-01
1478,0.38,1973-02
1479,0.35,1973-03
1480,0.29,1973-04
1481,0.24,1973-05
1482,0.25,1973-06
1483,0.16,1973-07
1484,0.14,1973-08
1485,0.11,1973-09
1486,0.06,1973-10
1487,0.02,1973-11
1488,0.05,1973-12
1489,-0.08,1974-01
1490,-0.24,1974-02
1491,-0.01,1974-03
1492,-0.05,1974-04
1493,-0.02,1974-05
1494,-0.05,1974-06
1495,0.04,1974-07
1496,0.05,1974-08
1497,-0.02,1974-09
1498,-0.06,1974-10
1499,-0.09,1974-11
1500,-0.06,1974-12
1501,0.06,1975-01
1502,0.08,1975-02
1503,0.12,1975-03
1504,0.11,1975-04
1505,0.08,1975-05
1506,0.06,1975-06
1507,0.04,1975-07
1508,-0.02,1975-08
1509,0.04,1975-09
1510,-0.12,1975-10
1511,-0.17,1975-11
1512,-0.09,1975-12
1513,-0.01,1976-01
1514,-0.08,1976-02
1515,-0.13,1976-03
1516,0.04,1976-04
1517,-0.11,1976-05
1518,-0.04,1976-06
1519,-0.03,1976-07
1520,0.01,1976-08
1521,0.03,1976-09
1522,-0.16,1976-10
1523,-0.03,1976-11
1524,0.12,1976-12
1525,0.2,1977-01
1526,0.22,1977-02
1527,0.25,1977-03
1528,0.28,1977-04
1529,0.28,1977-05
1530,0.26,1977-06
1531,0.19,1977-07
1532,0.16,1977-08
1533,0.21,1977-09
1534,0.12,1977-10
1535,0.23,1977-11
1536,0.11,1977-12
1537,0.15,1978-01
1538,0.15,1978-02
1539,0.23,1978-03
1540,0.14,1978-04
1541,0.1,1978-05
1542,0.05,1978-06
1543,0.06,1978-07
1544,0.01,1978-08
1545,0.1,1978-09
1546,0.07,1978-10
1547,0.21,1978-11
1548,0.12,1978-12
1549,0.14,1979-01
1550,-0.06,1979-02
1551,0.2,1979-03
1552,0.1,1979-04
1553,0.18,1979-05
1554,0.23,1979-06
1555,0.23,1979-07
1556,0.26,1979-08
1557,0.28,1979-09
1558,0.31,1979-10
1559,0.31,1979-11
1560,0.5,1979-12
1561,0.35,1980-01
1562,0.43,1980-02
1563,0.32,1980-03
1564,0.33,1980-04
1565,0.38,1980-05
1566,0.29,1980-06
1567,0.28,1980-07
1568,0.22,1980-08
1569,0.21,1980-09
1570,0.2,1980-10
1571,0.27,1980-11
1572,0.23,1980-12
1573,0.55,1981-01
1574,0.43,1981-02
1575,0.45,1981-03
1576,0.38,1981-04
1577,0.31,1981-05
1578,0.34,1981-06
1579,0.27,1981-07
1580,0.27,1981-08
1581,0.23,1981-09
1582,0.25,1981-10
1583,0.32,1981-11
1584,0.45,1981-12
1585,0.12,1982-01
1586,0.21,1982-02
1587,0.12,1982-03
1588,0.22,1982-04
1589,0.18,1982-05
1590,0.16,1982-06
1591,0.19,1982-07
1592,0.15,1982-08
1593,0.23,1982-09
1594,0.18,1982-10
1595,0.13,1982-11
1596,0.41,1982-12
1597,0.51,1983-01
1598,0.46,1983-02
1599,0.44,1983-03
1600,0.25,1983-04
1601,0.29,1983-05
1602,0.31,1983-06
1603,0.31,1983-07
1604,0.36,1983-08
1605,0.35,1983-09
1606,0.23,1983-10
1607,0.38,1983-11
1608,0.27,1983-12
1609,0.31,1984-01
1610,0.22,1984-02
1611,0.28,1984-03
1612,0.13,1984-04
1613,0.32,1984-05
1614,0.17,1984-06
1615,0.16,1984-07
1616,0.19,1984-08
1617,0.2,1984-09
1618,0.2,1984-10
1619,0.11,1984-11
1620,0.06,1984-12
1621,0.29,1985-01
1622,0.08,1985-02
1623,0.25,1985-03
1624,0.12,1985-04
1625,0.22,1985-05
1626,0.16,1985-06
1627,0.1,1985-07
1628,0.16,1985-08
1629,0.16,1985-09
1630,0.16,1985-10
1631,0.14,1985-11
1632,0.17,1985-12
1633,0.23,1986-01
1634,0.38,1986-02
1635,0.33,1986-03
1636,0.27,1986-04
1637,0.35,1986-05
1638,0.22,1986-06
1639,0.13,1986-07
1640,0.15,1986-08
1641,0.03,1986-09
1642,0.19,1986-10
1643,0.13,1986-11
1644,0.17,1986-12
1645,0.3,1987-01
1646,0.36,1987-02
1647,0.15,1987-03
1648,0.21,1987-04
1649,0.33,1987-05
1650,0.4,1987-06
1651,0.46,1987-07
1652,0.34,1987-08
1653,0.39,1987-09
1654,0.35,1987-10
1655,0.26,1987-11
1656,0.48,1987-12
1657,0.54,1988-01
1658,0.46,1988-02
1659,0.46,1988-03
1660,0.46,1988-04
1661,0.48,1988-05
1662,0.41,1988-06
1663,0.38,1988-07
1664,0.51,1988-08
1665,0.41,1988-09
1666,0.4,1988-10
1667,0.16,1988-11
1668,0.32,1988-12
1669,0.12,1989-01
1670,0.33,1989-02
1671,0.36,1989-03
1672,0.4,1989-04
1673,0.24,1989-05
1674,0.1,1989-06
1675,0.33,1989-07
1676,0.32,1989-08
1677,0.4,1989-09
1678,0.35,1989-10
1679,0.19,1989-11
1680,0.4,1989-12
1681,0.4,1990-01
1682,0.38,1990-02
1683,0.78,1990-03
1684,0.61,1990-04
1685,0.51,1990-05
1686,0.42,1990-06
1687,0.36,1990-07
1688,0.38,1990-08
1689,0.3,1990-09
1690,0.41,1990-10
1691,0.42,1990-11
1692,0.41,1990-12
1693,0.42,1991-01
1694,0.52,1991-02
1695,0.38,1991-03
1696,0.59,1991-04
1697,0.44,1991-05
1698,0.56,1991-06
1699,0.41,1991-07
1700,0.37,1991-08
1701,0.39,1991-09
1702,0.33,1991-10
1703,0.31,1991-11
1704,0.33,1991-12
1705,0.44,1992-01
1706,0.42,1992-02
1707,0.46,1992-03
1708,0.24,1992-04
1709,0.37,1992-05
1710,0.28,1992-06
1711,0.13,1992-07
1712,0.12,1992-08
1713,0.06,1992-09
1714,0.02,1992-10
1715,0.06,1992-11
1716,0.22,1992-12
1717,0.34,1993-01
1718,0.39,1993-02
1719,0.38,1993-03
1720,0.36,1993-04
1721,0.31,1993-05
1722,0.32,1993-06
1723,0.31,1993-07
1724,0.11,1993-08
1725,0.21,1993-09
1726,0.22,1993-10
1727,0.1,1993-11
1728,0.18,1993-12
1729,0.22,1994-01
1730,0.07,1994-02
1731,0.3,1994-03
1732,0.41,1994-04
1733,0.32,1994-05
1734,0.44,1994-06
1735,0.32,1994-07
1736,0.27,1994-08
1737,0.27,1994-09
1738,0.45,1994-10
1739,0.43,1994-11
1740,0.4,1994-12
1741,0.55,1995-01
1742,0.77,1995-02
1743,0.49,1995-03
1744,0.51,1995-04
1745,0.33,1995-05
1746,0.5,1995-06
1747,0.45,1995-07
1748,0.5,1995-08
1749,0.44,1995-09
1750,0.44,1995-10
1751,0.48,1995-11
1752,0.32,1995-12
1753,0.28,1996-01
1754,0.49,1996-02
1755,0.37,1996-03
1756,0.37,1996-04
1757,0.34,1996-05
1758,0.37,1996-06
1759,0.35,1996-07
1760,0.44,1996-08
1761,0.27,1996-09
1762,0.21,1996-10
1763,0.44,1996-11
1764,0.38,1996-12
1765,0.3,1997-01
1766,0.4,1997-02
1767,0.52,1997-03
1768,0.4,1997-04
1769,0.41,1997-05
1770,0.57,1997-06
1771,0.42,1997-07
1772,0.46,1997-08
1773,0.6,1997-09
1774,0.68,1997-10
1775,0.65,1997-11
1776,0.59,1997-12
1777,0.58,1998-01
1778,0.83,1998-02
1779,0.68,1998-03
1780,0.71,1998-04
1781,0.69,1998-05
1782,0.76,1998-06
1783,0.69,1998-07
1784,0.69,1998-08
1785,0.48,1998-09
1786,0.44,1998-10
1787,0.44,1998-11
1788,0.59,1998-12
1789,0.49,1999-01
1790,0.63,1999-02
1791,0.39,1999-03
1792,0.37,1999-04
1793,0.33,1999-05
1794,0.38,1999-06
1795,0.41,1999-07
1796,0.34,1999-08
1797,0.47,1999-09
1798,0.37,1999-10
1799,0.39,1999-11
1800,0.49,1999-12
1801,0.34,2000-01
1802,0.57,2000-02
1803,0.59,2000-03
1804,0.62,2000-04
1805,0.39,2000-05
1806,0.37,2000-06
1807,0.41,2000-07
1808,0.47,2000-08
1809,0.44,2000-09
1810,0.34,2000-10
1811,0.33,2000-11
1812,0.3,2000-12
1813,0.44,2001-01
1814,0.46,2001-02
1815,0.57,2001-03
1816,0.56,2001-04
1817,0.58,2001-05
1818,0.55,2001-06
1819,0.63,2001-07
1820,0.48,2001-08
1821,0.57,2001-09
1822,0.47,2001-10
1823,0.71,2001-11
1824,0.63,2001-12
1825,0.68,2002-01
1826,0.7,2002-02
1827,0.86,2002-03
1828,0.56,2002-04
1829,0.67,2002-05
1830,0.54,2002-06
1831,0.59,2002-07
1832,0.52,2002-08
1833,0.66,2002-09
1834,0.57,2002-10
1835,0.63,2002-11
1836,0.51,2002-12
1837,0.71,2003-01
1838,0.57,2003-02
1839,0.61,2003-03
1840,0.6,2003-04
1841,0.64,2003-05
1842,0.53,2003-06
1843,0.6,2003-07
1844,0.59,2003-08
1845,0.66,2003-09
1846,0.77,2003-10
1847,0.57,2003-11
1848,0.76,2003-12
1849,0.58,2004-01
1850,0.67,2004-02
1851,0.66,2004-03
1852,0.65,2004-04
1853,0.42,2004-05
1854,0.47,2004-06
1855,0.32,2004-07
1856,0.44,2004-08
1857,0.52,2004-09
1858,0.61,2004-10
1859,0.72,2004-11
1860,0.5,2004-12
1861,0.74,2005-01
1862,0.62,2005-02
1863,0.76,2005-03
1864,0.7,2005-04
1865,0.7,2005-05
1866,0.67,2005-06
1867,0.66,2005-07
1868,0.59,2005-08
1869,0.73,2005-09
1870,0.75,2005-10
1871,0.78,2005-11
1872,0.74,2005-12
1873,0.63,2006-01
1874,0.81,2006-02
1875,0.67,2006-03
1876,0.52,2006-04
1877,0.52,2006-05
1878,0.66,2006-06
1879,0.56,2006-07
1880,0.73,2006-08
1881,0.69,2006-09
1882,0.68,2006-10
1883,0.72,2006-11
1884,0.78,2006-12
1885,0.93,2007-01
1886,0.73,2007-02
1887,0.69,2007-03
1888,0.81,2007-04
1889,0.65,2007-05
1890,0.57,2007-06
1891,0.59,2007-07
1892,0.58,2007-08
1893,0.61,2007-09
1894,0.6,2007-10
1895,0.58,2007-11
1896,0.52,2007-12
1897,0.29,2008-01
1898,0.35,2008-02
1899,0.74,2008-03
1900,0.52,2008-04
1901,0.52,2008-05
1902,0.52,2008-06
1903,0.56,2008-07
1904,0.48,2008-08
1905,0.62,2008-09
1906,0.69,2008-10
1907,0.71,2008-11
1908,0.57,2008-12
1909,0.66,2009-01
1910,0.52,2009-02
1911,0.54,2009-03
1912,0.59,2009-04
1913,0.61,2009-05
1914,0.63,2009-06
1915,0.72,2009-07
1916,0.71,2009-08
1917,0.73,2009-09
1918,0.69,2009-10
1919,0.82,2009-11
1920,0.7,2009-12
1921,0.74,2010-01
1922,0.83,2010-02
1923,0.9,2010-03
1924,0.89,2010-04
1925,0.78,2010-05
1926,0.7,2010-06
1927,0.66,2010-07
1928,0.66,2010-08
1929,0.62,2010-09
1930,0.67,2010-10
1931,0.79,2010-11
1932,0.52,2010-12
1933,0.55,2011-01
1934,0.51,2011-02
1935,0.67,2011-03
1936,0.65,2011-04
1937,0.55,2011-05
1938,0.63,2011-06
1939,0.72,2011-07
1940,0.7,2011-08
1941,0.6,2011-09
1942,0.71,2011-10
1943,0.6,2011-11
1944,0.61,2011-12
1945,0.48,2012-01
1946,0.54,2012-02
1947,0.55,2012-03
1948,0.75,2012-04
1949,0.76,2012-05
1950,0.67,2012-06
1951,0.64,2012-07
1952,0.65,2012-08
1953,0.76,2012-09
1954,0.79,2012-10
1955,0.8,2012-11
1956,0.55,2012-12
1957,0.7,2013-01
1958,0.62,2013-02
1959,0.68,2013-03
1960,0.57,2013-04
1961,0.67,2013-05
1962,0.67,2013-06
1963,0.61,2013-07
1964,0.7,2013-08
1965,0.77,2013-09
1966,0.68,2013-10
1967,0.81,2013-11
1968,0.72,2013-12
1969,0.74,2014-01
1970,0.57,2014-02
1971,0.82,2014-03
1972,0.85,2014-04
1973,0.87,2014-05
1974,0.72,2014-06
1975,0.62,2014-07
1976,0.83,2014-08
1977,0.87,2014-09
1978,0.82,2014-10
1979,0.68,2014-11
1980,0.79,2014-12
1981,0.82,2015-01
1982,0.9,2015-02
1983,0.97,2015-03
1984,0.81,2015-04
1985,0.83,2015-05
1986,0.87,2015-06
1987,0.77,2015-07
1988,0.83,2015-08
1989,0.91,2015-09
1990,1.1,2015-10
1991,1.06,2015-11
1992,1.13,2015-12
1993,1.23,2016-01
1994,1.34,2016-02
1995,1.35,2016-03
1996,1.15,2016-04
1997,1,2016-05
1998,0.84,2016-06
1999,0.86,2016-07
2000,0.97,2016-08
2001,0.92,2016-09
2002,0.88,2016-10
2003,0.94,2016-11
2004,0.91,2016-12
2005,1.06,2017-01
2006,1.12,2017-02
2007,1.18,2017-03
2008,0.99,2017-04
2009,0.92,2017-05
2010,0.77,2017-06
2011,0.83,2017-07
2012,0.89,2017-08
2013,0.83,2017-09
2014,0.92,2017-10
2015,0.91,2017-11
2016,0.99,2017-12
2017,0.83,2018-01
2018,0.9,2018-02
2019,0.93,2018-03
2020,0.9,2018-04
2021,0.81,2018-05
2022,0.76,2018-06
2023,0.8,2018-07
2024,0.76,2018-08
2025,0.82,2018-09
2026,1.05,2018-10
2027,0.84,2018-11
2028,0.94,2018-12
2029,0.92,2019-01
2030,0.92,2019-02
2031,1.16,2019-03
2032,1.03,2019-04
2033,0.91,2019-05
2034,0.91,2019-06
2035,0.92,2019-07
2036,0.92,2019-08
2037,0.97,2019-09
2038,1.01,2019-10
2039,0.99,2019-11
2040,1.1,2019-12
2041,1.14,2020-01
2042,1.2,2020-02
2043,1.16,2020-03
2044,1.14,2020-04
2045,1,2020-05
2046,0.93,2020-06
2047,0.91,2020-07
2048,0.9,2020-08
2049,0.98,2020-09
2050,0.91,2020-10
2051,1.05,2020-11
2052,0.84,2020-12
2053,0.84,2021-01
2054,0.66,2021-02
2055,0.88,2021-03
2056,0.8,2021-04
2057,0.81,2021-05
2058,0.86,2021-06
2059,0.93,2021-07
2060,0.84,2021-08
2061,0.92,2021-09
2062,0.99,2021-10
2063,0.95,2021-11
2064,0.87,2021-12
2065,0.93,2022-01
2066,0.92,2022-02
2067,1.11,2022-03
2068,0.9,2022-04
2069,0.86,2022-05
2070,0.89,2022-06
2071,0.89,2022-07
2072,0.93,2022-08
2073,0.9,2022-09
2074,0.97,2022-10
2075,0.75,2022-11
2076,0.84,2022-12
2077,0.89,2023-01
2078,1.01,2023-02
2079,1.23,2023-03
2080,0.98,2023-04
2081,0.96,2023-05
2082,1.07,2023-06
2083,1.13,2023-07
2084,1.23,2023-08
2085,1.44,2023-09
2086,1.36,2023-10
2087,1.45,2023-11
2088,1.43,2023-12